"Gemeenten";"Inwoners|2020"
"Aa en Hunze";25445
"Aalsmeer";31859
"Aalten";27121
"Achtkarspelen";27843
"Alblasserdam";20165
"Albrandswaard";25590
"Alkmaar";109436
"Almelo";73107
"Almere";211893
"Alphen aan den Rijn";111897
"Alphen-Chaam";10203
"Altena";55967
"Ameland";3716
"Amersfoort";157276
"Amstelveen";91675
"Amsterdam";872757
"Apeldoorn";163818
"Arnhem";161348
"Assen";68599
"Asten";16721
"Baarle-Nassau";6859
"Baarn";24868
"Barendrecht";48714
"Barneveld";59082
"Beek";15865
"Beekdaelen";35938
"Beemster";10022
"Beesel";13482
"Berg en Dal";34992
"Bergeijk";18635
"Bergen (L.)";13085
"Bergen (NH.)";29839
"Bergen op Zoom";67496
"Berkelland";43747
"Bernheze";31240
"Best";29988
"Beuningen";25890
"Beverwijk";41626
"Bladel";20390
"Blaricum";11538
"Bloemendaal";23571
"Bodegraven-Reeuwijk";34872
"Boekel";10785
"Borger-Odoorn";25559
"Borne";23312
"Borsele";22739
"Boxmeer";29365
"Boxtel";32958
"Breda";184069
"Brielle";17271
"Bronckhorst";36055
"Brummen";20726
"Brunssum";27821
"Bunnik";15191
"Bunschoten";21866
"Buren";26749
"Capelle aan den IJssel";67122
"Castricum";35986
"Coevorden";35297
"Cranendonck";21138
"Cuijk";25130
"Culemborg";28955
"Dalfsen";28587
"Dantumadiel";18922
"De Bilt";43137
"De Fryske Marren";51564
"De Ronde Venen";44456
"De Wolden";24330
"Delft";103595
"Den Haag";545838
"Den Helder";56296
"Deurne";32471
"Deventer";100719
"Diemen";30780
"Dinkelland";26461
"Doesburg";11077
"Doetinchem";58001
"Dongen";26222
"Dordrecht";119284
"Drechterland";19719
"Drimmelen";27272
"Dronten";41555
"Druten";18926
"Duiven";25126
"Echt-Susteren";31610
"Edam-Volendam";36197
"Ede";117165
"Eemnes";9247
"Eemsdelta";45857
"Eersel";19313
"Eijsden-Margraten";25768
"Eindhoven";234394
"Elburg";23161
"Emmen";107048
"Enkhuizen";18591
"Enschede";159640
"Epe";33178
"Ermelo";27008
"Etten-Leur";43878
"Geertruidenberg";21544
"Geldrop-Mierlo";39726
"Gemert-Bakel";30723
"Gennep";16921
"Gilze en Rijen";26431
"Goeree-Overflakkee";50049
"Goes";38082
"Goirle";23904
"Gooise Meren";58055
"Gorinchem";37022
"Gouda";73427
"Grave";12436
"Groningen";232874
"Gulpen-Wittem";14171
"Haaksbergen";24311
"Haarlem";162902
"Haarlemmermeer";156002
"Halderberge";30284
"Hardenberg";60948
"Harderwijk";48414
"Hardinxveld-Giessendam";18295
"Harlingen";15722
"Hattem";12209
"Heemskerk";39182
"Heemstede";27234
"Heerde";18589
"Heerenveen";50493
"Heerhugowaard";57587
"Heerlen";87086
"Heeze-Leende";16152
"Heiloo";23968
"Hellendoorn";35916
"Hellevoetsluis";40142
"Helmond";92423
"Hendrik-Ido-Ambacht";31202
"Hengelo";81140
"Het Hogeland";47801
"Heumen";16454
"Heusden";44692
"Hillegom";22209
"Hilvarenbeek";15518
"Hilversum";90831
"Hoeksche Waard";87401
"Hof van Twente";35017
"Hollands Kroon";48432
"Hoogeveen";55699
"Hoorn";73261
"Horst aan de Maas";42429
"Houten";50146
"Huizen";41273
"Hulst";27556
"IJsselstein";34109
"Kaag en Braassem";27297
"Kampen";54319
"Kapelle";12695
"Katwijk";65753
"Kerkrade";45749
"Koggenland";22749
"Krimpen aan den IJssel";29526
"Krimpenerwaard";56319
"Laarbeek";22523
"Landerd";15730
"Landgraaf";37445
"Landsmeer";11491
"Langedijk";28163
"Lansingerland";62384
"Laren";11282
"Leeuwarden";124084
"Leiden";125099
"Leiderdorp";27056
"Leidschendam-Voorburg";76534
"Lelystad";78598
"Leudal";35879
"Leusden";30401
"Lingewaard";46601
"Lisse";22955
"Lochem";33729
"Loon op Zand";23408
"Lopik";14467
"Losser";22683
"Maasdriel";25030
"Maasgouw";23965
"Maassluis";33213
"Maastricht";121575
"Medemblik";45101
"Meerssen";18828
"Meierijstad";81194
"Meppel";33920
"Middelburg";48822
"Midden-Delfland";19341
"Midden-Drenthe";33185
"Midden-Groningen";60797
"Mill en Sint Hubert";10939
"Moerdijk";37129
"Molenlanden";43909
"Montferland";36011
"Montfoort";13917
"Mook en Middelaar";7847
"Neder-Betuwe";24339
"Nederweert";17019
"Nieuwegein";63462
"Nieuwkoop";28811
"Nijkerk";43171
"Nijmegen";177659
"Nissewaard";85219
"Noardeast-Fryslân";45228
"Noord-Beveland";7392
"Noordenveld";31253
"Noordoostpolder";47291
"Noordwijk";43508
"Nuenen c.a.";23383
"Nunspeet";27851
"Oegstgeest";24840
"Oirschot";18714
"Oisterwijk";32124
"Oldambt";38209
"Oldebroek";23646
"Oldenzaal";31836
"Olst-Wijhe";18252
"Ommen";18009
"Oost Gelre";29627
"Oosterhout";55982
"Ooststellingwerf";25469
"Oostzaan";9735
"Opmeer";11836
"Opsterland";29733
"Oss";91915
"Oude IJsselstreek";39388
"Ouder-Amstel";14026
"Oudewater";10230
"Overbetuwe";47906
"Papendrecht";32136
"Peel en Maas";43425
"Pekela";12196
"Pijnacker-Nootdorp";55308
"Purmerend";81249
"Putten";24112
"Raalte";37712
"Reimerswaal";22730
"Renkum";31419
"Renswoude";5444
"Reusel-De Mierden";13112
"Rheden";43761
"Rhenen";20119
"Ridderkerk";46189
"Rijssen-Holten";38177
"Rijswijk";54450
"Roerdalen";20574
"Roermond";58260
"Roosendaal";77251
"Rotterdam";651157
"Rozendaal";1704
"Rucphen";22878
"Schagen";46483
"Scherpenzeel";9880
"Schiedam";78730
"Schiermonnikoog";947
"Schouwen-Duiveland";33839
"'s-Hertogenbosch";155111
"Simpelveld";10555
"Sint Anthonis";11664
"Sint-Michielsgestel";29208
"Sittard-Geleen";92429
"Sliedrecht";25220
"Sluis";23210
"Smallingerland";56150
"Soest";46606
"Someren";19368
"Son en Breugel";17322
"Stadskanaal";31686
"Staphorst";17145
"Stede Broec";21726
"Steenbergen";24416
"Steenwijkerland";44126
"Stein";25007
"Stichtse Vecht";64931
"Súdwest-Fryslân";89987
"Terneuzen";54426
"Terschelling";4888
"Texel";13575
"Teylingen";37440
"Tholen";25757
"Tiel";42159
"Tilburg";221255
"Tubbergen";21275
"Twenterand";33743
"Tynaarlo";33887
"Tytsjerksteradiel";32052
"Uden";42119
"Uitgeest";13666
"Uithoorn";29478
"Urk";21031
"Utrecht";357597
"Utrechtse Heuvelrug";49580
"Vaals";10105
"Valkenburg aan de Geul";16367
"Valkenswaard";31193
"Veendam";27384
"Veenendaal";66493
"Veere";21880
"Veldhoven";45466
"Velsen";68648
"Venlo";101802
"Venray";43614
"Vijfheerenlanden";56811
"Vlaardingen";73397
"Vlieland";1155
"Vlissingen";44360
"Voerendaal";12475
"Voorschoten";25596
"Voorst";24552
"Vught";31426
"Waadhoeke";46090
"Waalre";17456
"Waalwijk";48637
"Waddinxveen";29291
"Wageningen";39664
"Wassenaar";26305
"Waterland";17424
"Weert";50105
"Weesp";19738
"West Betuwe";51128
"West Maas en Waal";19324
"Westerkwartier";63329
"Westerveld";19460
"Westervoort";14971
"Westerwolde";25733
"Westland";110375
"Weststellingwerf";25914
"Westvoorne";14731
"Wierden";24446
"Wijchen";41110
"Wijdemeren";24358
"Wijk bij Duurstede";23914
"Winterswijk";28854
"Woensdrecht";21876
"Woerden";52299
"Wormerland";16270
"Woudenberg";13362
"Zaanstad";156794
"Zaltbommel";28881
"Zandvoort";17116
"Zeewolde";22653
"Zeist";64905
"Zevenaar";43750
"Zoetermeer";125285
"Zoeterwoude";8605
"Zuidplas";43885
"Zundert";21829
"Zutphen";47934
"Zwartewaterland";22685
"Zwijndrecht";44737
"Zwolle";128840
"Gemeente onbekend";""
