"Gemeenten";"Totaal aantal (semi)publieke laadpunten voor elektrische auto's|Maart 2022"
"Aa en Hunze";68
"Aalsmeer";337
"Aalten";79
"Achtkarspelen";20
"Alblasserdam";110
"Albrandswaard";166
"Alkmaar";858
"Almelo";213
"Almere";1344
"Alphen aan den Rijn";854
"Alphen-Chaam";30
"Altena";177
"Ameland";23
"Amersfoort";1391
"Amstelveen";1094
"Amsterdam";9636
"Apeldoorn";933
"Arnhem";1108
"Assen";283
"Asten";38
"Baarle-Nassau";13
"Baarn";84
"Barendrecht";428
"Barneveld";425
"Beek";67
"Beekdaelen";54
"Beemster";41
"Beesel";13
"Berg en Dal";122
"Bergeijk";32
"Bergen (L.)";49
"Bergen (NH.)";206
"Bergen op Zoom";288
"Berkelland";82
"Bernheze";92
"Best";232
"Beuningen";52
"Beverwijk";145
"Bladel";69
"Blaricum";63
"Bloemendaal";132
"Bodegraven-Reeuwijk";201
"Boekel";22
"Borger-Odoorn";57
"Borne";46
"Borsele";93
"Boxmeer";76
"Boxtel";153
"Breda";1327
"Brielle";133
"Bronckhorst";78
"Brummen";47
"Brunssum";42
"Bunnik";147
"Bunschoten";81
"Buren";42
"Capelle aan den IJssel";515
"Castricum";217
"Coevorden";48
"Cranendonck";42
"Cuijk";81
"Culemborg";228
"Dalfsen";66
"Dantumadiel";8
"De Bilt";241
"De Fryske Marren";109
"De Ronde Venen";293
"De Wolden";57
"Delft";705
"Den Haag";4966
"Den Helder";192
"Deurne";81
"Deventer";450
"Diemen";255
"Dinkelland";69
"Doesburg";16
"Doetinchem";138
"Dongen";110
"Dordrecht";652
"Drechterland";38
"Drimmelen";101
"Dronten";149
"Druten";48
"Duiven";315
"Echt-Susteren";65
"Edam-Volendam";124
"Ede";634
"Eemnes";59
"Eemsdelta";79
"Eersel";67
"Eijsden-Margraten";36
"Eindhoven";1505
"Elburg";57
"Emmen";336
"Enkhuizen";81
"Enschede";522
"Epe";106
"Ermelo";100
"Etten-Leur";178
"Geertruidenberg";103
"Geldrop-Mierlo";115
"Gemert-Bakel";70
"Gennep";65
"Gilze en Rijen";110
"Goeree-Overflakkee";399
"Goes";248
"Goirle";71
"Gooise Meren";481
"Gorinchem";196
"Gouda";433
"Grave";49
"Groningen";1151
"Gulpen-Wittem";54
"Haaksbergen";66
"Haarlem";825
"Haarlemmermeer";1774
"Halderberge";108
"Hardenberg";170
"Harderwijk";277
"Hardinxveld-Giessendam";76
"Harlingen";61
"Hattem";33
"Heemskerk";137
"Heemstede";63
"Heerde";60
"Heerenveen";305
"Heerhugowaard";277
"Heerlen";321
"Heeze-Leende";45
"Heiloo";135
"Hellendoorn";99
"Hellevoetsluis";182
"Helmond";257
"Hendrik-Ido-Ambacht";203
"Hengelo";421
"Het Hogeland";115
"Heumen";59
"Heusden";129
"Hillegom";92
"Hilvarenbeek";41
"Hilversum";575
"Hoeksche Waard";447
"Hof van Twente";80
"Hollands Kroon";119
"Hoogeveen";172
"Hoorn";359
"Horst aan de Maas";136
"Houten";427
"Huizen";225
"Hulst";51
"IJsselstein";165
"Kaag en Braassem";177
"Kampen";158
"Kapelle";81
"Katwijk";317
"Kerkrade";97
"Koggenland";70
"Krimpen aan den IJssel";163
"Krimpenerwaard";263
"Laarbeek";60
"Landerd";25
"Landgraaf";64
"Landsmeer";61
"Langedijk";103
"Lansingerland";527
"Laren";67
"Leeuwarden";580
"Leiden";748
"Leiderdorp";288
"Leidschendam-Voorburg";554
"Lelystad";511
"Leudal";98
"Leusden";236
"Lingewaard";118
"Lisse";103
"Lochem";80
"Loon op Zand";275
"Lopik";39
"Losser";46
"Maasdriel";54
"Maasgouw";30
"Maassluis";149
"Maastricht";478
"Medemblik";147
"Meerssen";43
"Meierijstad";306
"Meppel";122
"Middelburg";255
"Midden-Delfland";144
"Midden-Drenthe";84
"Midden-Groningen";78
"Mill en Sint Hubert";34
"Moerdijk";231
"Molenlanden";212
"Montferland";83
"Montfoort";53
"Mook en Middelaar";19
"Neder-Betuwe";94
"Nederweert";56
"Nieuwegein";708
"Nieuwkoop";190
"Nijkerk";241
"Nijmegen";801
"Nissewaard";445
"Noardeast-Fryslân";101
"Noord-Beveland";123
"Noordenveld";79
"Noordoostpolder";172
"Noordwijk";281
"Nuenen c.a.";51
"Nunspeet";114
"Oegstgeest";150
"Oirschot";88
"Oisterwijk";161
"Oldambt";74
"Oldebroek";43
"Oldenzaal";72
"Olst-Wijhe";24
"Ommen";69
"Oost Gelre";126
"Oosterhout";370
"Ooststellingwerf";57
"Oostzaan";74
"Opmeer";34
"Opsterland";57
"Oss";308
"Oude IJsselstreek";98
"Ouder-Amstel";190
"Oudewater";42
"Overbetuwe";191
"Papendrecht";153
"Peel en Maas";78
"Pekela";8
"Pijnacker-Nootdorp";292
"Purmerend";325
"Putten";131
"Raalte";102
"Reimerswaal";62
"Renkum";113
"Renswoude";24
"Reusel-De Mierden";21
"Rheden";181
"Rhenen";57
"Ridderkerk";271
"Rijssen-Holten";157
"Rijswijk";329
"Roerdalen";36
"Roermond";247
"Roosendaal";301
"Rotterdam";5598
"Rozendaal";8
"Rucphen";41
"Schagen";250
"Scherpenzeel";81
"Schiedam";471
"Schiermonnikoog";2
"Schouwen-Duiveland";318
"'s-Hertogenbosch";1353
"Simpelveld";10
"Sint Anthonis";19
"Sint-Michielsgestel";79
"Sittard-Geleen";268
"Sliedrecht";165
"Sluis";212
"Smallingerland";314
"Soest";242
"Someren";51
"Son en Breugel";92
"Stadskanaal";23
"Staphorst";62
"Stede Broec";35
"Steenbergen";79
"Steenwijkerland";160
"Stein";76
"Stichtse Vecht";401
"Súdwest-Fryslân";203
"Terneuzen";244
"Terschelling";55
"Texel";137
"Teylingen";202
"Tholen";94
"Tiel";272
"Tilburg";1342
"Tubbergen";36
"Twenterand";60
"Tynaarlo";106
"Tytsjerksteradiel";58
"Uden";240
"Uitgeest";84
"Uithoorn";199
"Urk";56
"Utrecht";3707
"Utrechtse Heuvelrug";293
"Vaals";36
"Valkenburg aan de Geul";72
"Valkenswaard";81
"Veendam";34
"Veenendaal";374
"Veere";278
"Veldhoven";259
"Velsen";359
"Venlo";479
"Venray";170
"Vijfheerenlanden";327
"Vlaardingen";344
"Vlieland";3
"Vlissingen";121
"Voerendaal";7
"Voorschoten";155
"Voorst";78
"Vught";236
"Waadhoeke";49
"Waalre";61
"Waalwijk";254
"Waddinxveen";219
"Wageningen";221
"Wassenaar";212
"Waterland";107
"Weert";157
"Weesp";160
"West Betuwe";237
"West Maas en Waal";19
"Westerkwartier";189
"Westerveld";69
"Westervoort";30
"Westerwolde";36
"Westland";772
"Weststellingwerf";37
"Westvoorne";54
"Wierden";64
"Wijchen";175
"Wijdemeren";135
"Wijk bij Duurstede";46
"Winterswijk";63
"Woensdrecht";68
"Woerden";511
"Wormerland";83
"Woudenberg";53
"Zaanstad";730
"Zaltbommel";142
"Zandvoort";159
"Zeewolde";132
"Zeist";577
"Zevenaar";177
"Zoetermeer";705
"Zoeterwoude";101
"Zuidplas";246
"Zundert";53
"Zutphen";186
"Zwartewaterland";95
"Zwijndrecht";173
"Zwolle";1030
"Gemeente onbekend";2
