Gemeentecode;Gemeentenaam;;
0014;Groningen;;     234 950
0034;Almere;;     217 828
0037;Stadskanaal;;     31 851
0047;Veendam;;     27 466
0050;Zeewolde;;     23 348
0059;Achtkarspelen;;     27 954
0060;Ameland;;     3 757
0072;Harlingen;;     15 904
0074;Heerenveen;;     51 119
0080;Leeuwarden;;     125 504
0085;Ooststellingwerf;;     25 680
0086;Opsterland;;     29 791
0088;Schiermonnikoog;;      944
0090;Smallingerland;;     55 895
0093;Terschelling;;     4 960
0096;Vlieland;;     1 195
0098;Weststellingwerf;;     26 278
0106;Assen;;     68 979
0109;Coevorden;;     35 517
0114;Emmen;;     107 856
0118;Hoogeveen;;     55 857
0119;Meppel;;     34 761
0141;Almelo;;     73 155
0147;Borne;;     24 007
0148;Dalfsen;;     29 162
0150;Deventer;;     101 446
0153;Enschede;;     160 640
0158;Haaksbergen;;     24 268
0160;Hardenberg;;     61 798
0163;Hellendoorn;;     35 940
0164;Hengelo (O);;     81 476
0166;Kampen;;     54 791
0168;Losser;;     23 084
0171;Noordoostpolder;;     48 048
0173;Oldenzaal;;     31 741
0175;Ommen;;     18 457
0177;Raalte;;     38 140
0180;Staphorst;;     17 282
0183;Tubbergen;;     21 364
0184;Urk;;     21 468
0189;Wierden;;     24 643
0193;Zwolle;;     130 668
0197;Aalten;;     27 100
0200;Apeldoorn;;     165 611
0202;Arnhem;;     163 888
0203;Barneveld;;     60 584
0209;Beuningen;;     26 235
0213;Brummen;;     20 890
0214;Buren;;     27 155
0216;Culemborg;;     29 397
0221;Doesburg;;     11 036
0222;Doetinchem;;     58 546
0225;Druten;;     19 178
0226;Duiven;;     24 946
0228;Ede;;     119 986
0230;Elburg;;     23 740
0232;Epe;;     33 257
0233;Ermelo;;     27 258
0243;Harderwijk;;     48 857
0244;Hattem;;     12 307
0246;Heerde;;     18 976
0252;Heumen;;     17 175
0262;Lochem;;     34 069
0263;Maasdriel;;     25 504
0267;Nijkerk;;     44 311
0268;Nijmegen;;     179 100
0269;Oldebroek;;     23 930
0273;Putten;;     24 598
0274;Renkum;;     31 358
0275;Rheden;;     43 435
0277;Rozendaal;;     1 756
0279;Scherpenzeel;;     10 317
0281;Tiel;;     42 277
0285;Voorst;;     24 994
0289;Wageningen;;     39 939
0293;Westervoort;;     14 944
0294;Winterswijk;;     29 185
0296;Wijchen;;     41 344
0297;Zaltbommel;;     29 957
0299;Zevenaar;;     44 645
0301;Zutphen;;     48 330
0302;Nunspeet;;     28 223
0303;Dronten;;     42 865
0307;Amersfoort;;     158 590
0308;Baarn;;     24 876
0310;De Bilt;;     43 508
0312;Bunnik;;     15 590
0313;Bunschoten;;     22 325
0317;Eemnes;;     9 450
0321;Houten;;     50 323
0327;Leusden;;     30 713
0331;Lopik;;     14 512
0335;Montfoort;;     13 818
0339;Renswoude;;     5 651
0340;Rhenen;;     20 265
0342;Soest;;     47 113
0344;Utrecht;;     361 699
0345;Veenendaal;;     67 671
0351;Woudenberg;;     13 873
0352;Wijk bij Duurstede;;     23 921
0353;IJsselstein;;     33 429
0355;Zeist;;     65 987
0356;Nieuwegein;;     64 554
0358;Aalsmeer;;     32 452
0361;Alkmaar;;     110 783
0362;Amstelveen;;     92 331
0363;Amsterdam;;     882 633
0373;Bergen (N-H);;     29 723
0375;Beverwijk;;     42 084
0376;Blaricum;;     12 359
0377;Bloemendaal;;     23 732
0383;Castricum;;     36 263
0384;Diemen;;     31 822
0385;Edam-Volendam;;     36 471
0388;Enkhuizen;;     18 620
0392;Haarlem;;     162 898
0394;Haarlemmermeer;;     159 336
0396;Heemskerk;;     39 189
0397;Heemstede;;     27 557
0399;Heiloo;;     24 417
0400;Den Helder;;     56 334
0402;Hilversum;;     91 733
0405;Hoorn;;     74 298
0406;Huizen;;     40 938
0415;Landsmeer;;     11 560
0417;Laren;;     11 528
0420;Medemblik;;     45 464
0431;Oostzaan;;     9 639
0432;Opmeer;;     12 074
0437;Ouder-Amstel;;     14 212
0439;Purmerend;;     92 240
0441;Schagen;;     46 833
0448;Texel;;     13 687
0450;Uitgeest;;     13 563
0451;Uithoorn;;     31 018
0453;Velsen;;     68 482
0457;Weesp;;     20 766
0473;Zandvoort;;     17 107
0479;Zaanstad;;     157 166
0482;Alblasserdam;;     20 087
0484;Alphen aan den Rijn;;     112 926
0489;Barendrecht;;     48 714
0498;Drechterland;;     19 983
0501;Brielle;;     17 704
0502;Capelle aan den IJssel;;     67 188
0503;Delft;;     104 572
0505;Dordrecht;;     119 537
0512;Gorinchem;;     37 632
0513;Gouda;;     74 095
0518;'s-Gravenhage;;     553 417
0523;Hardinxveld-Giessendam;;     18 511
0530;Hellevoetsluis;;     40 574
0531;Hendrik-Ido-Ambacht;;     31 663
0532;Stede Broec;;     21 947
0534;Hillegom;;     22 312
0537;Katwijk;;     66 032
0542;Krimpen aan den IJssel;;     29 415
0546;Leiden;;     125 074
0547;Leiderdorp;;     27 464
0553;Lisse;;     23 015
0556;Maassluis;;     34 148
0569;Nieuwkoop;;     29 304
0575;Noordwijk;;     44 365
0579;Oegstgeest;;     25 499
0589;Oudewater;;     10 159
0590;Papendrecht;;     32 208
0597;Ridderkerk;;     47 099
0599;Rotterdam;;     655 468
0603;Rijswijk;;     56 941
0606;Schiedam;;     79 644
0610;Sliedrecht;;     25 897
0613;Albrandswaard;;     25 934
0614;Westvoorne;;     14 960
0622;Vlaardingen;;     74 143
0626;Voorschoten;;     25 627
0627;Waddinxveen;;     31 342
0629;Wassenaar;;     27 115
0632;Woerden;;     52 882
0637;Zoetermeer;;     125 767
0638;Zoeterwoude;;     9 302
0642;Zwijndrecht;;     44 789
0654;Borsele;;     22 847
0664;Goes;;     38 950
0668;West Maas en Waal;;     19 675
0677;Hulst;;     27 533
0678;Kapelle;;     13 020
0687;Middelburg;;     49 199
0703;Reimerswaal;;     22 920
0715;Terneuzen;;     54 501
0716;Tholen;;     26 401
0717;Veere;;     21 850
0718;Vlissingen;;     44 585
0736;De Ronde Venen;;     44 955
0737;Tytsjerksteradiel;;     32 282
0743;Asten;;     17 068
0744;Baarle-Nassau;;     6 931
0748;Bergen op Zoom;;     67 894
0753;Best;;     30 608
0755;Boekel;;     11 030
0757;Boxtel;;     33 129
0758;Breda;;     184 702
0762;Deurne;;     32 606
0765;Pekela;;     12 196
0766;Dongen;;     26 483
0770;Eersel;;     19 823
0772;Eindhoven;;     238 326
0777;Etten-Leur;;     44 152
0779;Geertruidenberg;;     21 944
0784;Gilze en Rijen;;     26 557
0785;Goirle;;     23 979
0794;Helmond;;     93 476
0796;'s-Hertogenbosch;;     156 538
0797;Heusden;;     45 557
0798;Hilvarenbeek;;     15 810
0809;Loon op Zand;;     23 768
0820;Nuenen c.a.;;     23 826
0823;Oirschot;;     19 061
0824;Oisterwijk;;     32 503
0826;Oosterhout;;     56 535
0828;Oss;;     93 307
0840;Rucphen;;     23 326
0845;Sint-Michielsgestel;;     29 731
0847;Someren;;     19 701
0848;Son en Breugel;;     17 775
0851;Steenbergen;;     24 333
0852;Waterland;;     17 343
0855;Tilburg;;     224 459
0858;Valkenswaard;;     31 236
0861;Veldhoven;;     45 822
0865;Vught;;     31 783
0866;Waalre;;     17 626
0867;Waalwijk;;     49 342
0873;Woensdrecht;;     22 112
0879;Zundert;;     22 260
0880;Wormerland;;     16 381
0882;Landgraaf;;     37 023
0888;Beek;;     15 817
0889;Beesel;;     13 408
0893;Bergen (L);;     13 106
0899;Brunssum;;     27 674
0907;Gennep;;     17 237
0917;Heerlen;;     86 845
0928;Kerkrade;;     45 324
0935;Maastricht;;     121 151
0938;Meerssen;;     18 581
0944;Mook en Middelaar;;     7 989
0946;Nederweert;;     17 323
0957;Roermond;;     59 184
0965;Simpelveld;;     10 425
0971;Stein;;     24 803
0981;Vaals;;     10 135
0983;Venlo;;     102 136
0984;Venray;;     43 964
0986;Voerendaal;;     12 426
0988;Weert;;     50 346
0994;Valkenburg aan de Geul;;     16 167
0995;Lelystad;;     81 214
1507;Horst aan de Maas;;     43 039
1509;Oude IJsselstreek;;     39 387
1525;Teylingen;;     37 942
1581;Utrechtse Heuvelrug;;     49 981
1586;Oost Gelre;;     29 603
1598;Koggenland;;     23 048
1621;Lansingerland;;     64 110
1640;Leudal;;     35 928
1641;Maasgouw;;     24 028
1652;Gemert-Bakel;;     31 040
1655;Halderberge;;     30 770
1658;Heeze-Leende;;     16 470
1659;Laarbeek;;     22 943
1667;Reusel-De Mierden;;     13 271
1669;Roerdalen;;     20 558
1674;Roosendaal;;     77 244
1676;Schouwen-Duiveland;;     34 152
1680;Aa en Hunze;;     25 579
1681;Borger-Odoorn;;     25 681
1690;De Wolden;;     24 511
1695;Noord-Beveland;;     7 668
1696;Wijdemeren;;     24 494
1699;Noordenveld;;     31 238
1700;Twenterand;;     33 718
1701;Westerveld;;     19 854
1705;Lingewaard;;     46 963
1706;Cranendonck;;     20 669
1708;Steenwijkerland;;     44 741
1709;Moerdijk;;     37 313
1711;Echt-Susteren;;     31 731
1714;Sluis;;     23 141
1719;Drimmelen;;     27 476
1721;Bernheze;;     31 715
1723;Alphen-Chaam;;     10 425
1724;Bergeijk;;     18 879
1728;Bladel;;     20 718
1729;Gulpen-Wittem;;     14 178
1730;Tynaarlo;;     34 221
1731;Midden-Drenthe;;     33 689
1734;Overbetuwe;;     48 266
1735;Hof van Twente;;     35 056
1740;Neder-Betuwe;;     25 032
1742;Rijssen-Holten;;     38 231
1771;Geldrop-Mierlo;;     40 131
1773;Olst-Wijhe;;     18 496
1774;Dinkelland;;     26 594
1783;Westland;;     112 448
1842;Midden-Delfland;;     19 484
1859;Berkelland;;     43 850
1876;Bronckhorst;;     36 077
1883;Sittard-Geleen;;     91 719
1884;Kaag en Braassem;;     27 895
1891;Dantumadiel;;     18 957
1892;Zuidplas;;     45 794
1894;Peel en Maas;;     44 278
1895;Oldambt;;     38 521
1896;Zwartewaterland;;     23 012
1900;Súdwest Fryslân;;     90 300
1901;Bodegraven-Reeuwijk;;     35 752
1903;Eijsden-Margraten;;     25 857
1904;Stichtse Vecht;;     65 240
1911;Hollands Kroon;;     48 778
1916;Leidschendam-Voorburg;;     76 659
1924;Goeree-Overflakkee;;     51 051
1926;Pijnacker-Nootdorp;;     56 572
1930;Nissewaard;;     86 332
1931;Krimpenerwaard;;     57 062
1940;De Fryske Marren;;     51 597
1942;Gooise Meren;;     58 846
1945;Berg en Dal;;     34 951
1948;Meierijstad;;     82 613
1949;Waadhoeke;;     46 309
1950;Westerwolde;;     26 571
1952;Midden-Groningen;;     60 898
1954;Beekdaelen;;     35 922
1955;Montferland;;     36 359
1959;Altena;;     57 009
1960;West Betuwe;;     51 971
1961;Vijfheerenlanden;;     58 788
1963;Hoeksche Waard;;     88 715
1966;Het Hogeland;;     48 022
1969;Westerkwartier;;     64 306
1970;Noardeast-Fryslân;;     45 593
1978;Molenlanden;;     44 644
1979;Eemsdelta;;     45 389
1980;Dijk en Waard;;     87 695
1982;Land van Cuijk;;     90 707
1991;Maashorst;;     58 362
